Ticker,Date/Time,Open,High,Low,Close,Volume,Open Interest
NIFTY-FUT,23-03-2026 09:15:00,22821.00,22821.00,22645.80,22700.00,838435,17302870
NIFTY-FUT,23-03-2026 09:20:00,22699.10,22747.10,22690.00,22714.60,377260,17334460
NIFTY-FUT,23-03-2026 09:25:00,22714.60,22736.20,22710.00,22717.30,120445,17314960
NIFTY-FUT,23-03-2026 09:30:00,22716.40,22733.00,22709.60,22722.00,185250,17293836
NIFTY-FUT,23-03-2026 09:35:00,22722.20,22758.00,22713.40,22728.40,127140,17286816
NIFTY-FUT,23-03-2026 09:40:00,22727.50,22730.10,22693.40,22715.50,137995,17302870
NIFTY-FUT,23-03-2026 09:45:00,22708.60,22708.70,22663.80,22670.00,151905,17319056
NIFTY-FUT,23-03-2026 09:50:00,22669.00,22671.70,22625.00,22628.30,167115,17331144
NIFTY-FUT,23-03-2026 09:55:00,22628.30,22635.20,22594.70,22600.00,308360,17502484
NIFTY-FUT,23-03-2026 10:00:00,22600.50,22628.00,22586.00,22627.30,143845,17540576
NIFTY-FUT,23-03-2026 10:05:00,22625.00,22644.60,22614.60,22620.00,96980,17537910
NIFTY-FUT,23-03-2026 10:10:00,22620.00,22621.00,22581.00,22585.40,114335,17566510
NIFTY-FUT,23-03-2026 10:15:00,22588.00,22600.00,22567.20,22568.00,103415,17545124
NIFTY-FUT,23-03-2026 10:20:00,22568.00,22578.20,22556.10,22561.00,174070,17540510
NIFTY-FUT,23-03-2026 10:25:00,22563.60,22581.90,22552.00,22555.60,70265,17555396
NIFTY-FUT,23-03-2026 10:30:00,22555.60,22579.90,22552.00,22555.00,84760,17566184
NIFTY-FUT,23-03-2026 10:35:00,22555.00,22597.90,22555.00,22575.00,90870,17554744
NIFTY-FUT,23-03-2026 10:40:00,22575.00,22580.00,22556.10,22570.40,59670,17561116
NIFTY-FUT,23-03-2026 10:45:00,22565.80,22575.00,22555.10,22566.20,38090,17494360
NIFTY-FUT,23-03-2026 10:50:00,22562.00,22562.00,22522.00,22541.00,148460,17496050
NIFTY-FUT,23-03-2026 10:55:00,22541.00,22552.80,22527.40,22550.00,67405,17513990
NIFTY-FUT,23-03-2026 11:00:00,22550.90,22554.90,22515.00,22554.90,94315,17525950
NIFTY-FUT,23-03-2026 11:05:00,22554.50,22596.40,22541.80,22585.00,98605,17520816
NIFTY-FUT,23-03-2026 11:10:00,22585.00,22585.90,22562.80,22570.50,44980,17514770
NIFTY-FUT,23-03-2026 11:15:00,22567.10,22568.50,22537.30,22543.00,44005,17520880
NIFTY-FUT,23-03-2026 11:20:00,22540.80,22570.00,22540.00,22561.80,51805,17533424
NIFTY-FUT,23-03-2026 11:25:00,22563.30,22575.00,22549.90,22570.60,38090,17536740
NIFTY-FUT,23-03-2026 11:30:00,22569.10,22578.00,22538.00,22542.70,52130,17546556
NIFTY-FUT,23-03-2026 11:35:00,22546.00,22554.00,22530.00,22554.00,45695,17550196
NIFTY-FUT,23-03-2026 11:40:00,22551.90,22564.00,22513.00,22530.00,53560,17557540
NIFTY-FUT,23-03-2026 11:45:00,22528.50,22541.50,22524.80,22539.20,33995,17560140
NIFTY-FUT,23-03-2026 11:50:00,22539.00,22571.20,22530.10,22564.30,52585,17560790
NIFTY-FUT,23-03-2026 11:55:00,22560.70,22569.00,22540.00,22561.50,30745,17566380
NIFTY-FUT,23-03-2026 12:00:00,22557.50,22565.00,22544.00,22556.60,24700,17563390
NIFTY-FUT,23-03-2026 12:05:00,22552.70,22560.00,22534.10,22551.30,23465,17563260
NIFTY-FUT,23-03-2026 12:10:00,22551.30,22566.10,22531.10,22532.00,42510,17564236
NIFTY-FUT,23-03-2026 12:15:00,22531.50,22535.30,22512.50,22524.50,81055,17596150
NIFTY-FUT,23-03-2026 12:20:00,22516.10,22526.00,22475.00,22481.50,123110,17601284
NIFTY-FUT,23-03-2026 12:25:00,22480.00,22517.30,22471.00,22514.90,132795,17621500
NIFTY-FUT,23-03-2026 12:30:00,22510.00,22521.00,22494.10,22520.40,70720,17629560
NIFTY-FUT,23-03-2026 12:35:00,22520.40,22555.80,22513.00,22528.30,55575,17615976
NIFTY-FUT,23-03-2026 12:40:00,22528.30,22548.40,22517.20,22541.60,38285,17623384
NIFTY-FUT,23-03-2026 12:45:00,22541.00,22560.20,22525.00,22548.90,67860,17614610
NIFTY-FUT,23-03-2026 12:50:00,22548.90,22550.00,22511.80,22515.00,37635,17614284
NIFTY-FUT,23-03-2026 12:55:00,22515.00,22516.40,22488.00,22507.60,72085,17635736
NIFTY-FUT,23-03-2026 13:00:00,22507.60,22513.90,22488.30,22488.90,43420,17640480
NIFTY-FUT,23-03-2026 13:05:00,22488.50,22523.90,22485.50,22503.90,54210,17651270
NIFTY-FUT,23-03-2026 13:10:00,22503.90,22507.80,22480.00,22503.80,72020,17646264
NIFTY-FUT,23-03-2026 13:15:00,22501.80,22525.00,22501.70,22504.00,98540,17647630
NIFTY-FUT,23-03-2026 13:20:00,22504.00,22533.40,22498.70,22518.80,52520,17662124
NIFTY-FUT,23-03-2026 13:25:00,22517.70,22528.90,22495.00,22501.70,73385,17679870
NIFTY-FUT,23-03-2026 13:30:00,22501.70,22540.00,22501.70,22535.70,55510,17681560
NIFTY-FUT,23-03-2026 13:35:00,22535.70,22540.00,22525.00,22532.00,70720,17679740
NIFTY-FUT,23-03-2026 13:40:00,22536.50,22594.80,22530.00,22583.70,146705,17594916
NIFTY-FUT,23-03-2026 13:45:00,22590.00,22609.00,22573.70,22609.00,178815,17582564
NIFTY-FUT,23-03-2026 13:50:00,22611.00,22633.50,22592.00,22598.90,212095,17567160
NIFTY-FUT,23-03-2026 13:55:00,22598.90,22615.00,22595.00,22595.00,77415,17581136
NIFTY-FUT,23-03-2026 14:00:00,22595.00,22649.90,22583.20,22645.00,128115,17579704
NIFTY-FUT,23-03-2026 14:05:00,22645.70,22654.00,22601.20,22619.10,110500,17564170
NIFTY-FUT,23-03-2026 14:10:00,22619.10,22636.00,22602.10,22610.80,59995,17574960
NIFTY-FUT,23-03-2026 14:15:00,22610.00,22644.80,22600.20,22630.10,66300,17590236
NIFTY-FUT,23-03-2026 14:20:00,22628.10,22645.00,22618.50,22618.50,81900,17593356
NIFTY-FUT,23-03-2026 14:25:00,22618.50,22622.80,22576.10,22597.00,128765,17462770
NIFTY-FUT,23-03-2026 14:30:00,22597.00,22602.00,22500.00,22510.00,189410,17455490
NIFTY-FUT,23-03-2026 14:35:00,22509.80,22582.50,22502.70,22551.00,109980,17439956
NIFTY-FUT,23-03-2026 14:40:00,22546.40,22579.90,22525.20,22577.10,114335,17431376
NIFTY-FUT,23-03-2026 14:45:00,22576.30,22586.50,22559.90,22586.50,64675,17429036
NIFTY-FUT,23-03-2026 14:50:00,22587.30,22639.00,22587.30,22603.30,211705,17402450
NIFTY-FUT,23-03-2026 14:55:00,22602.50,22610.70,22580.00,22604.50,91975,17427996
NIFTY-FUT,23-03-2026 15:00:00,22595.00,22595.00,22509.20,22511.60,183170,17433584
NIFTY-FUT,23-03-2026 15:05:00,22510.00,22545.20,22486.30,22535.00,227370,17442360
NIFTY-FUT,23-03-2026 15:10:00,22532.20,22549.00,22516.00,22524.50,117260,17452630
NIFTY-FUT,23-03-2026 15:15:00,22525.90,22525.90,22503.30,22509.00,246350,17472650
NIFTY-FUT,23-03-2026 15:20:00,22508.50,22518.90,22495.70,22502.30,202345,17545516
NIFTY-FUT,23-03-2026 15:25:00,22502.30,22514.90,22492.20,22514.90,262210,17082600
NIFTY-FUT,24-03-2026 09:15:00,22840.00,22899.00,22773.80,22789.20,691795,17083756
NIFTY-FUT,24-03-2026 09:20:00,22789.80,22815.00,22762.50,22815.00,228410,17076604
NIFTY-FUT,24-03-2026 09:25:00,22815.00,22849.90,22810.00,22840.00,319735,16960516
NIFTY-FUT,24-03-2026 09:30:00,22840.00,22850.00,22806.80,22815.00,155935,16967860
NIFTY-FUT,24-03-2026 09:35:00,22814.80,22833.60,22761.10,22765.60,172965,16956550
NIFTY-FUT,24-03-2026 09:40:00,22765.60,22783.70,22726.50,22749.00,181610,16972736
NIFTY-FUT,24-03-2026 09:45:00,22749.00,22749.00,22710.00,22715.20,117000,16973580
NIFTY-FUT,24-03-2026 09:50:00,22716.60,22735.00,22705.10,22727.80,151385,17027596
NIFTY-FUT,24-03-2026 09:55:00,22729.20,22776.50,22723.00,22754.10,200720,16994250
NIFTY-FUT,24-03-2026 10:00:00,22754.10,22759.90,22694.40,22700.00,152035,17060356
NIFTY-FUT,24-03-2026 10:05:00,22702.30,22720.00,22676.60,22679.30,132015,17123664
NIFTY-FUT,24-03-2026 10:10:00,22678.80,22718.00,22678.00,22708.00,67795,17108650
NIFTY-FUT,24-03-2026 10:15:00,22707.50,22747.10,22694.50,22729.00,114855,17147716
NIFTY-FUT,24-03-2026 10:20:00,22729.00,22769.60,22704.10,22760.00,100685,17161624
NIFTY-FUT,24-03-2026 10:25:00,22761.60,22765.00,22721.00,22738.30,43290,17151356
NIFTY-FUT,24-03-2026 10:30:00,22735.00,22735.00,22659.00,22659.00,101660,17151096
NIFTY-FUT,24-03-2026 10:35:00,22656.00,22664.50,22617.00,22621.50,255385,17175600
NIFTY-FUT,24-03-2026 10:40:00,22629.90,22676.80,22620.00,22662.20,133575,17193344
NIFTY-FUT,24-03-2026 10:45:00,22661.50,22720.30,22651.00,22687.10,129805,17182036
NIFTY-FUT,24-03-2026 10:50:00,22685.00,22706.10,22645.00,22660.00,80210,17180084
NIFTY-FUT,24-03-2026 10:55:00,22659.40,22665.50,22620.10,22627.00,89505,17196790
NIFTY-FUT,24-03-2026 11:00:00,22627.00,22670.00,22627.00,22669.40,52260,17147910
NIFTY-FUT,24-03-2026 11:05:00,22665.10,22683.60,22652.00,22678.00,60385,17081740
NIFTY-FUT,24-03-2026 11:10:00,22675.60,22706.70,22672.50,22692.40,63375,17035720
NIFTY-FUT,24-03-2026 11:15:00,22692.50,22723.20,22683.90,22720.00,66950,17019276
NIFTY-FUT,24-03-2026 11:20:00,22722.00,22735.00,22689.50,22689.60,85085,17003220
NIFTY-FUT,24-03-2026 11:25:00,22688.00,22723.30,22672.10,22714.80,47580,16987944
NIFTY-FUT,24-03-2026 11:30:00,22713.20,22749.50,22711.20,22744.70,102505,16957784
NIFTY-FUT,24-03-2026 11:35:00,22744.70,22765.00,22740.70,22760.00,109915,16945630
NIFTY-FUT,24-03-2026 11:40:00,22760.90,22765.00,22724.50,22741.00,62595,16926520
NIFTY-FUT,24-03-2026 11:45:00,22745.00,22789.60,22736.30,22762.20,146055,16894604
NIFTY-FUT,24-03-2026 11:50:00,22762.00,22789.60,22747.00,22780.50,65260,16882450
NIFTY-FUT,24-03-2026 11:55:00,22780.50,22829.00,22780.00,22805.00,120640,16842670
NIFTY-FUT,24-03-2026 12:00:00,22805.00,22816.80,22785.00,22788.50,80145,16829084
NIFTY-FUT,24-03-2026 12:05:00,22790.00,22790.00,22758.60,22758.70,87295,16777864
NIFTY-FUT,24-03-2026 12:10:00,22756.00,22780.80,22750.20,22750.70,38350,16761095
NIFTY-FUT,24-03-2026 12:15:00,22750.70,22763.10,22740.20,22745.30,53170,16760185
NIFTY-FUT,24-03-2026 12:20:00,22745.50,22880.00,22742.40,22880.00,287300,16762525
NIFTY-FUT,24-03-2026 12:25:00,22874.60,22940.00,22813.70,22835.00,538720,16717740
NIFTY-FUT,24-03-2026 12:30:00,22831.70,22924.00,22831.70,22920.00,177710,16708315
NIFTY-FUT,24-03-2026 12:35:00,22922.00,22955.60,22913.00,22950.00,293605,16620435
NIFTY-FUT,24-03-2026 12:40:00,22952.80,22996.10,22940.00,22965.00,302185,16591770
NIFTY-FUT,24-03-2026 12:45:00,22962.50,23010.80,22962.50,22999.50,266110,16611985
NIFTY-FUT,24-03-2026 12:50:00,23000.00,23040.00,22988.40,23015.00,234260,16602105
NIFTY-FUT,24-03-2026 12:55:00,23013.30,23016.20,22960.00,22981.20,156065,16635710
NIFTY-FUT,24-03-2026 13:00:00,22980.70,22993.40,22940.00,22944.70,134940,16644810
NIFTY-FUT,24-03-2026 13:05:00,22944.70,22953.70,22914.00,22937.30,83785,16634865
NIFTY-FUT,24-03-2026 13:10:00,22937.30,22992.80,22930.00,22989.60,79950,16508440
NIFTY-FUT,24-03-2026 13:15:00,22996.40,22996.40,22948.80,22982.00,99580,16510715
NIFTY-FUT,24-03-2026 13:20:00,22984.00,23016.80,22961.00,22990.50,87555,16510780
NIFTY-FUT,24-03-2026 13:25:00,22991.00,23028.00,22980.00,23027.00,72345,16509545
NIFTY-FUT,24-03-2026 13:30:00,23022.90,23039.50,22996.10,23036.30,104195,16513705
NIFTY-FUT,24-03-2026 13:35:00,23036.30,23058.10,23012.60,23021.50,223275,16504475
NIFTY-FUT,24-03-2026 13:40:00,23025.00,23061.00,23013.90,23028.30,253370,16582345
NIFTY-FUT,24-03-2026 13:45:00,23027.60,23044.40,22957.70,22957.70,106340,16577340
NIFTY-FUT,24-03-2026 13:50:00,22957.70,22997.50,22945.00,22973.50,99450,16569995
NIFTY-FUT,24-03-2026 13:55:00,22973.50,22991.20,22963.60,22965.10,47125,16583970
NIFTY-FUT,24-03-2026 14:00:00,22963.20,22988.30,22948.30,22971.40,85670,16609320
NIFTY-FUT,24-03-2026 14:05:00,22971.40,22990.40,22952.90,22967.70,82810,16614130
NIFTY-FUT,24-03-2026 14:10:00,22967.00,22995.00,22961.90,22985.20,97565,16653130
NIFTY-FUT,24-03-2026 14:15:00,22989.00,23037.90,22976.20,22976.60,106925,16679975
NIFTY-FUT,24-03-2026 14:20:00,22980.90,22996.20,22920.90,22951.20,173485,16746145
NIFTY-FUT,24-03-2026 14:25:00,22951.50,22960.90,22928.00,22942.20,105495,16783584
NIFTY-FUT,24-03-2026 14:30:00,22938.40,22959.90,22918.90,22949.90,90805,16815500
NIFTY-FUT,24-03-2026 14:35:00,22943.80,22955.00,22885.00,22886.90,223990,16843710
NIFTY-FUT,24-03-2026 14:40:00,22886.90,22939.00,22864.50,22899.50,170885,16871464
NIFTY-FUT,24-03-2026 14:45:00,22907.00,22920.00,22891.30,22917.10,108550,16884920
NIFTY-FUT,24-03-2026 14:50:00,22914.70,22918.80,22883.10,22894.40,118105,16932110
NIFTY-FUT,24-03-2026 14:55:00,22894.40,22935.90,22891.00,22922.70,119015,16994056
NIFTY-FUT,24-03-2026 15:00:00,22916.00,22928.30,22880.50,22911.70,104000,16994510
NIFTY-FUT,24-03-2026 15:05:00,22910.00,22933.00,22901.90,22912.10,124930,17021680
NIFTY-FUT,24-03-2026 15:10:00,22912.10,22925.00,22906.90,22908.60,122720,16891680
NIFTY-FUT,24-03-2026 15:15:00,22908.60,22919.80,22883.20,22913.00,136825,16863600
NIFTY-FUT,24-03-2026 15:20:00,22919.00,22940.00,22915.20,22938.90,119145,16875364
NIFTY-FUT,24-03-2026 15:25:00,22941.70,22984.00,22938.40,22928.40,224835,15513900
NIFTY-FUT,25-03-2026 09:15:00,23075.00,23174.20,23075.00,23160.00,451685,15537535
NIFTY-FUT,25-03-2026 09:20:00,23160.20,23199.20,23160.10,23185.50,311545,15539550
NIFTY-FUT,25-03-2026 09:25:00,23192.30,23217.00,23187.60,23211.80,188760,15618005
NIFTY-FUT,25-03-2026 09:30:00,23211.80,23240.00,23201.40,23240.00,147095,15677870
NIFTY-FUT,25-03-2026 09:35:00,23240.00,23240.00,23199.00,23220.00,169780,15657915
NIFTY-FUT,25-03-2026 09:40:00,23218.90,23279.20,23201.90,23275.00,256360,15692950
NIFTY-FUT,25-03-2026 09:45:00,23275.00,23288.00,23259.20,23268.30,205140,15780700
NIFTY-FUT,25-03-2026 09:50:00,23270.00,23290.00,23261.90,23290.00,185640,15701660
NIFTY-FUT,25-03-2026 09:55:00,23290.00,23300.00,23269.60,23285.00,182325,15659475
NIFTY-FUT,25-03-2026 10:00:00,23288.80,23308.60,23273.70,23280.50,108420,15663505
NIFTY-FUT,25-03-2026 10:05:00,23284.50,23290.00,23241.00,23283.00,144820,15665390
NIFTY-FUT,25-03-2026 10:10:00,23283.00,23305.00,23277.60,23305.00,65455,15659605
NIFTY-FUT,25-03-2026 10:15:00,23301.70,23314.00,23281.00,23288.30,131820,15657070
NIFTY-FUT,25-03-2026 10:20:00,23288.30,23309.80,23279.20,23292.00,118040,15680015
NIFTY-FUT,25-03-2026 10:25:00,23293.00,23317.00,23285.00,23314.00,96330,15677675
NIFTY-FUT,25-03-2026 10:30:00,23314.00,23318.50,23296.70,23310.10,45370,15683655
NIFTY-FUT,25-03-2026 10:35:00,23310.10,23313.80,23295.40,23313.80,77220,15710045
NIFTY-FUT,25-03-2026 10:40:00,23313.30,23367.40,23307.00,23363.10,188045,15735460
NIFTY-FUT,25-03-2026 10:45:00,23362.30,23374.20,23350.00,23355.20,188630,15841930
NIFTY-FUT,25-03-2026 10:50:00,23355.20,23373.00,23346.60,23367.20,143780,15860585
NIFTY-FUT,25-03-2026 10:55:00,23367.20,23370.20,23349.10,23359.10,83070,15889640
NIFTY-FUT,25-03-2026 11:00:00,23364.90,23385.20,23360.90,23373.10,113360,15935985
NIFTY-FUT,25-03-2026 11:05:00,23375.00,23434.30,23373.60,23422.00,372060,16003845
NIFTY-FUT,25-03-2026 11:10:00,23422.00,23430.60,23410.70,23430.60,105560,16007680
NIFTY-FUT,25-03-2026 11:15:00,23431.90,23431.90,23401.80,23407.10,94900,15979015
NIFTY-FUT,25-03-2026 11:20:00,23408.90,23413.20,23381.00,23382.40,108745,15987400
NIFTY-FUT,25-03-2026 11:25:00,23382.40,23390.00,23367.00,23382.60,91975,16011580
NIFTY-FUT,25-03-2026 11:30:00,23382.60,23394.80,23369.80,23376.10,77480,16059160
NIFTY-FUT,25-03-2026 11:35:00,23376.10,23380.60,23336.40,23349.80,95030,16071380
NIFTY-FUT,25-03-2026 11:40:00,23350.00,23371.30,23341.40,23345.00,140985,15937870
NIFTY-FUT,25-03-2026 11:45:00,23347.00,23395.50,23341.30,23380.00,157365,16000140
NIFTY-FUT,25-03-2026 11:50:00,23375.50,23403.00,23375.20,23395.70,63180,15998580
NIFTY-FUT,25-03-2026 11:55:00,23395.70,23405.00,23376.60,23390.00,64285,16011450
NIFTY-FUT,25-03-2026 12:00:00,23392.30,23401.90,23382.00,23398.90,55250,16000595
NIFTY-FUT,25-03-2026 12:05:00,23398.30,23415.00,23389.90,23397.20,76635,16014440
NIFTY-FUT,25-03-2026 12:10:00,23400.00,23439.60,23395.30,23438.40,129805,16034135
NIFTY-FUT,25-03-2026 12:15:00,23437.40,23440.70,23412.00,23431.60,94705,16059615
NIFTY-FUT,25-03-2026 12:20:00,23431.60,23444.00,23423.60,23424.10,52520,16066700
NIFTY-FUT,25-03-2026 12:25:00,23424.10,23433.60,23410.00,23423.10,89115,16065855
NIFTY-FUT,25-03-2026 12:30:00,23419.00,23455.00,23404.70,23440.00,143845,16040310
NIFTY-FUT,25-03-2026 12:35:00,23440.00,23451.60,23420.90,23421.10,65585,16024775
NIFTY-FUT,25-03-2026 12:40:00,23424.10,23444.20,23416.80,23443.40,59995,16034590
NIFTY-FUT,25-03-2026 12:45:00,23440.00,23445.00,23401.40,23407.10,57330,16009435
NIFTY-FUT,25-03-2026 12:50:00,23408.10,23410.00,23380.10,23384.50,65260,16013725
NIFTY-FUT,25-03-2026 12:55:00,23380.80,23387.20,23360.00,23361.00,130715,16046030
NIFTY-FUT,25-03-2026 13:00:00,23361.00,23395.00,23355.00,23389.60,69095,16028935
NIFTY-FUT,25-03-2026 13:05:00,23385.00,23410.90,23373.00,23386.10,66755,16055650
NIFTY-FUT,25-03-2026 13:10:00,23389.50,23400.00,23382.00,23384.50,46020,16041220
NIFTY-FUT,25-03-2026 13:15:00,23384.50,23406.80,23375.00,23378.50,61880,16067025
NIFTY-FUT,25-03-2026 13:20:00,23374.90,23393.20,23363.50,23386.50,57720,16025685
NIFTY-FUT,25-03-2026 13:25:00,23386.50,23419.00,23385.90,23410.00,79040,16054415
NIFTY-FUT,25-03-2026 13:30:00,23410.60,23431.50,23384.00,23417.90,87880,16060980
NIFTY-FUT,25-03-2026 13:35:00,23419.40,23438.30,23412.20,23427.10,76895,16065530
NIFTY-FUT,25-03-2026 13:40:00,23427.10,23432.40,23414.60,23430.90,50635,16080090
NIFTY-FUT,25-03-2026 13:45:00,23430.10,23448.00,23425.70,23445.00,70590,16090230
NIFTY-FUT,25-03-2026 13:50:00,23447.40,23460.50,23421.10,23424.60,119405,16087760
NIFTY-FUT,25-03-2026 13:55:00,23422.70,23437.50,23414.10,23424.50,44070,16103750
NIFTY-FUT,25-03-2026 14:00:00,23430.30,23459.90,23424.90,23443.60,74035,16115515
NIFTY-FUT,25-03-2026 14:05:00,23444.80,23446.50,23397.00,23405.00,119015,16156985
NIFTY-FUT,25-03-2026 14:10:00,23402.70,23418.20,23389.00,23394.00,78650,16196245
NIFTY-FUT,25-03-2026 14:15:00,23394.00,23407.10,23376.30,23382.00,78325,16198650
NIFTY-FUT,25-03-2026 14:20:00,23380.70,23386.00,23315.50,23323.90,254020,16153345
NIFTY-FUT,25-03-2026 14:25:00,23319.80,23342.00,23313.00,23332.80,169195,16005535
NIFTY-FUT,25-03-2026 14:30:00,23332.20,23352.90,23295.60,23332.10,180245,15970890
NIFTY-FUT,25-03-2026 14:35:00,23331.90,23345.00,23315.00,23332.10,82355,15986490
NIFTY-FUT,25-03-2026 14:40:00,23334.40,23366.30,23331.40,23352.70,105495,16006575
NIFTY-FUT,25-03-2026 14:45:00,23357.40,23367.90,23329.90,23341.50,86060,15996890
NIFTY-FUT,25-03-2026 14:50:00,23347.00,23351.90,23306.00,23313.70,209170,16007745
NIFTY-FUT,25-03-2026 14:55:00,23312.10,23325.20,23307.00,23313.60,105495,16052465
NIFTY-FUT,25-03-2026 15:00:00,23313.60,23346.40,23292.10,23312.60,167440,16051880
NIFTY-FUT,25-03-2026 15:05:00,23312.00,23322.30,23301.10,23320.00,88010,15973555
NIFTY-FUT,25-03-2026 15:10:00,23318.20,23318.70,23297.00,23301.00,124930,15964910
NIFTY-FUT,25-03-2026 15:15:00,23304.50,23309.00,23275.10,23277.00,193375,15964975
NIFTY-FUT,25-03-2026 15:20:00,23277.00,23291.80,23271.10,23287.00,140790,15960685
NIFTY-FUT,25-03-2026 15:25:00,23288.60,23315.20,23285.00,23300.00,181415,12988000
NIFTY-FUT,27-03-2026 09:15:00,23160.00,23162.40,23052.60,23074.10,556400,12979785
NIFTY-FUT,27-03-2026 09:20:00,23071.00,23114.00,23058.00,23086.00,341445,12959895
NIFTY-FUT,27-03-2026 09:25:00,23085.40,23099.00,23070.00,23071.20,112580,12990705
NIFTY-FUT,27-03-2026 09:30:00,23065.10,23076.20,23027.00,23030.60,225940,13000325
NIFTY-FUT,27-03-2026 09:35:00,23025.20,23030.10,23005.10,23030.00,207220,13052520
NIFTY-FUT,27-03-2026 09:40:00,23028.10,23066.00,23027.00,23054.70,209235,13212810
NIFTY-FUT,27-03-2026 09:45:00,23055.70,23060.50,23032.00,23044.10,125645,13286000
NIFTY-FUT,27-03-2026 09:50:00,23042.50,23045.40,23021.00,23022.10,91260,13296075
NIFTY-FUT,27-03-2026 09:55:00,23020.00,23021.00,22982.60,22996.10,173680,13296920
NIFTY-FUT,27-03-2026 10:00:00,22991.70,23044.60,22988.50,23032.00,134875,13317785
NIFTY-FUT,27-03-2026 10:05:00,23031.90,23034.50,23006.30,23026.70,76375,13324870
NIFTY-FUT,27-03-2026 10:10:00,23026.30,23027.00,22982.50,22985.00,89700,13335855
NIFTY-FUT,27-03-2026 10:15:00,22986.90,22995.00,22976.10,22976.10,154180,13351130
NIFTY-FUT,27-03-2026 10:20:00,22976.10,23019.80,22971.00,23012.50,84435,13366860
NIFTY-FUT,27-03-2026 10:25:00,23011.00,23024.90,23001.00,23013.90,79300,13397670
NIFTY-FUT,27-03-2026 10:30:00,23010.60,23046.00,23010.10,23022.80,90285,13414830
NIFTY-FUT,27-03-2026 10:35:00,23019.20,23030.00,23004.40,23026.10,75725,13430365
NIFTY-FUT,27-03-2026 10:40:00,23026.10,23026.10,23001.20,23003.10,68445,13449475
NIFTY-FUT,27-03-2026 10:45:00,23003.10,23007.90,22980.00,22986.70,109395,13473915
NIFTY-FUT,27-03-2026 10:50:00,22986.70,22987.70,22951.00,22951.50,130650,13486200
NIFTY-FUT,27-03-2026 10:55:00,22952.10,22979.90,22950.00,22973.20,130390,13482040
NIFTY-FUT,27-03-2026 11:00:00,22973.20,23002.00,22970.00,22982.10,180245,13397150
NIFTY-FUT,27-03-2026 11:05:00,22982.10,23003.00,22980.00,23002.60,72800,13400595
NIFTY-FUT,27-03-2026 11:10:00,23002.60,23008.40,22985.00,22994.60,62465,13405730
NIFTY-FUT,27-03-2026 11:15:00,22994.60,23003.30,22963.90,22970.40,150930,13379795
NIFTY-FUT,27-03-2026 11:20:00,22972.90,22976.00,22957.60,22957.60,60190,13385645
NIFTY-FUT,27-03-2026 11:25:00,22959.70,22971.80,22927.90,22935.90,136175,13396955
NIFTY-FUT,27-03-2026 11:30:00,22934.90,22955.30,22928.60,22939.00,151190,13399425
NIFTY-FUT,27-03-2026 11:35:00,22952.40,22961.90,22936.10,22958.10,93600,13399490
NIFTY-FUT,27-03-2026 11:40:00,22958.10,22964.00,22934.00,22956.80,84305,13363220
NIFTY-FUT,27-03-2026 11:45:00,22958.50,22964.00,22950.00,22955.80,70525,13378820
NIFTY-FUT,27-03-2026 11:50:00,22955.60,22970.30,22951.00,22965.00,92235,13421655
NIFTY-FUT,27-03-2026 11:55:00,22964.20,22964.20,22939.00,22946.00,71175,13441610
NIFTY-FUT,27-03-2026 12:00:00,22947.70,22953.00,22916.90,22943.00,96135,12835680
NIFTY-FUT,27-03-2026 12:05:00,22943.00,22959.00,22939.50,22944.00,53885,12842700
NIFTY-FUT,27-03-2026 12:10:00,22947.20,22950.20,22929.10,22936.00,81575,12833145
NIFTY-FUT,27-03-2026 12:15:00,22939.60,22944.30,22904.40,22917.60,85605,12839645
NIFTY-FUT,27-03-2026 12:20:00,22919.20,22938.00,22910.50,22936.90,66235,12790960
NIFTY-FUT,27-03-2026 12:25:00,22939.40,22976.00,22933.50,22975.10,176280,12812540
NIFTY-FUT,27-03-2026 12:30:00,22970.00,22973.20,22937.70,22964.30,82095,12833535
NIFTY-FUT,27-03-2026 12:35:00,22964.30,22971.90,22951.90,22960.00,66820,12847120
NIFTY-FUT,27-03-2026 12:40:00,22960.00,22969.00,22945.90,22969.00,55380,12851800
NIFTY-FUT,27-03-2026 12:45:00,22968.70,22969.80,22950.00,22960.00,87815,12837175
NIFTY-FUT,27-03-2026 12:50:00,22960.00,22977.60,22942.40,22960.00,99905,12656540
NIFTY-FUT,27-03-2026 12:55:00,22960.00,22966.60,22944.90,22954.60,68445,12663105
NIFTY-FUT,27-03-2026 13:00:00,22954.60,22960.20,22927.00,22928.00,84110,12673505
NIFTY-FUT,27-03-2026 13:05:00,22928.40,22943.00,22925.60,22933.10,92105,12698595
NIFTY-FUT,27-03-2026 13:10:00,22933.10,22950.00,22916.50,22950.00,138320,12681175
NIFTY-FUT,27-03-2026 13:15:00,22950.00,23011.10,22939.30,22977.40,253825,12672140
NIFTY-FUT,27-03-2026 13:20:00,22977.40,22977.40,22950.00,22957.10,182715,12758980
NIFTY-FUT,27-03-2026 13:25:00,22957.30,22977.10,22940.50,22940.50,159640,12878775
NIFTY-FUT,27-03-2026 13:30:00,22941.10,22948.80,22913.20,22920.10,129220,12905490
NIFTY-FUT,27-03-2026 13:35:00,22921.80,22933.20,22901.30,22905.40,143260,12928565
NIFTY-FUT,27-03-2026 13:40:00,22905.20,22946.20,22905.20,22928.40,125385,12684360
NIFTY-FUT,27-03-2026 13:45:00,22928.40,22936.40,22912.40,22912.40,75075,12697555
NIFTY-FUT,27-03-2026 13:50:00,22912.00,22937.40,22911.70,22925.00,159055,12765545
NIFTY-FUT,27-03-2026 13:55:00,22924.30,22935.00,22905.00,22917.20,106730,12803245
NIFTY-FUT,27-03-2026 14:00:00,22915.80,22928.90,22910.20,22918.80,92365,12809355
NIFTY-FUT,27-03-2026 14:05:00,22916.00,22924.00,22884.00,22902.20,179205,12763010
NIFTY-FUT,27-03-2026 14:10:00,22903.60,22910.00,22876.30,22904.70,105040,12797460
NIFTY-FUT,27-03-2026 14:15:00,22904.70,22912.00,22881.50,22885.00,94705,12797395
NIFTY-FUT,27-03-2026 14:20:00,22885.00,22901.50,22860.60,22877.20,170690,12737790
NIFTY-FUT,27-03-2026 14:25:00,22877.20,22886.50,22862.20,22875.00,104325,12784850
NIFTY-FUT,27-03-2026 14:30:00,22873.70,22879.50,22843.80,22850.00,143065,12799800
NIFTY-FUT,27-03-2026 14:35:00,22849.60,22865.00,22820.30,22826.00,240045,12801165
NIFTY-FUT,27-03-2026 14:40:00,22826.00,22859.90,22818.00,22842.30,200525,12884820
NIFTY-FUT,27-03-2026 14:45:00,22842.30,22854.90,22836.30,22849.30,83590,12893335
NIFTY-FUT,27-03-2026 14:50:00,22845.00,22864.00,22842.00,22852.50,109395,12930450
NIFTY-FUT,27-03-2026 14:55:00,22853.00,22864.20,22836.00,22836.00,131755,12910430
NIFTY-FUT,27-03-2026 15:00:00,22836.00,22845.00,22807.80,22837.60,259545,12947025
NIFTY-FUT,27-03-2026 15:05:00,22837.40,22840.00,22814.70,22823.20,151645,12950405
NIFTY-FUT,27-03-2026 15:10:00,22823.20,22835.30,22814.00,22821.30,289120,12912445
NIFTY-FUT,27-03-2026 15:15:00,22821.30,22821.80,22805.00,22816.90,351845,12928565
NIFTY-FUT,27-03-2026 15:20:00,22816.90,22822.50,22806.50,22812.10,421460,12935390
NIFTY-FUT,27-03-2026 15:25:00,22812.10,22816.60,22794.90,22801.70,440310,13118495
NIFTY-FUT,30-03-2026 09:15:00,22609.50,22613.00,22470.40,22510.00,509795,9004840
NIFTY-FUT,30-03-2026 09:20:00,22511.00,22537.20,22486.30,22515.00,227825,8988135
NIFTY-FUT,30-03-2026 09:25:00,22515.00,22580.00,22501.40,22569.00,167895,8968245
NIFTY-FUT,30-03-2026 09:30:00,22569.20,22674.90,22560.00,22669.10,339170,8935420
NIFTY-FUT,30-03-2026 09:35:00,22670.00,22709.90,22656.00,22678.40,263575,8911825
NIFTY-FUT,30-03-2026 09:40:00,22672.00,22701.20,22643.70,22652.70,114855,8901880
NIFTY-FUT,30-03-2026 09:45:00,22653.60,22686.00,22621.00,22625.50,98995,8881535
NIFTY-FUT,30-03-2026 09:50:00,22623.50,22662.10,22611.10,22614.30,99060,8882965
NIFTY-FUT,30-03-2026 09:55:00,22611.90,22627.60,22581.00,22603.20,173810,8932235
NIFTY-FUT,30-03-2026 10:00:00,22603.00,22665.00,22592.50,22641.40,88140,8910850
NIFTY-FUT,30-03-2026 10:05:00,22640.10,22640.90,22581.00,22590.00,84760,8901945
NIFTY-FUT,30-03-2026 10:10:00,22587.00,22589.90,22540.00,22589.90,130650,8883355
NIFTY-FUT,30-03-2026 10:15:00,22589.10,22594.00,22542.00,22550.50,60515,8872760
NIFTY-FUT,30-03-2026 10:20:00,22545.20,22556.40,22526.90,22529.40,54990,8865675
NIFTY-FUT,30-03-2026 10:25:00,22535.40,22555.70,22525.00,22525.00,49985,8851570
NIFTY-FUT,30-03-2026 10:30:00,22529.10,22534.90,22512.00,22523.80,79105,8843185
NIFTY-FUT,30-03-2026 10:35:00,22523.80,22550.00,22517.00,22537.50,94380,8836750
NIFTY-FUT,30-03-2026 10:40:00,22537.50,22555.70,22503.10,22509.00,97175,8789495
NIFTY-FUT,30-03-2026 10:45:00,22507.90,22537.90,22503.90,22524.00,69030,8784295
NIFTY-FUT,30-03-2026 10:50:00,22524.00,22533.90,22482.70,22485.50,95810,8783255
NIFTY-FUT,30-03-2026 10:55:00,22485.50,22516.80,22477.10,22481.00,113295,8810165
NIFTY-FUT,30-03-2026 11:00:00,22481.00,22508.80,22480.00,22504.90,58955,8814780
NIFTY-FUT,30-03-2026 11:05:00,22504.90,22505.00,22465.10,22465.10,107965,8813480
NIFTY-FUT,30-03-2026 11:10:00,22455.70,22476.90,22444.10,22471.00,122200,8833435
NIFTY-FUT,30-03-2026 11:15:00,22470.70,22483.30,22462.60,22481.60,53690,8836230
NIFTY-FUT,30-03-2026 11:20:00,22473.00,22484.10,22464.50,22481.60,46930,8847150
NIFTY-FUT,30-03-2026 11:25:00,22479.00,22485.00,22456.70,22460.10,60190,8860280
NIFTY-FUT,30-03-2026 11:30:00,22459.80,22505.10,22448.90,22500.00,103805,8521955
NIFTY-FUT,30-03-2026 11:35:00,22500.00,22534.50,22498.00,22511.20,97370,8511685
NIFTY-FUT,30-03-2026 11:40:00,22514.90,22518.90,22480.60,22481.20,41340,8516430
NIFTY-FUT,30-03-2026 11:45:00,22480.00,22485.00,22455.00,22457.80,93990,8534825
NIFTY-FUT,30-03-2026 11:50:00,22457.70,22474.30,22443.60,22474.30,62985,8534175
NIFTY-FUT,30-03-2026 11:55:00,22473.10,22490.30,22461.50,22480.00,48360,8536190
NIFTY-FUT,30-03-2026 12:00:00,22480.90,22563.50,22475.00,22551.00,108030,8519225
NIFTY-FUT,30-03-2026 12:05:00,22551.00,22610.00,22546.50,22557.40,135720,8505510
NIFTY-FUT,30-03-2026 12:10:00,22557.40,22580.00,22553.20,22568.00,109655,8533265
NIFTY-FUT,30-03-2026 12:15:00,22567.00,22581.70,22552.00,22559.80,71305,8525595
NIFTY-FUT,30-03-2026 12:20:00,22559.80,22601.20,22525.30,22528.20,75920,8484385
NIFTY-FUT,30-03-2026 12:25:00,22530.10,22538.20,22497.00,22519.10,74425,8489195
NIFTY-FUT,30-03-2026 12:30:00,22520.70,22524.20,22500.00,22508.60,67145,8500895
NIFTY-FUT,30-03-2026 12:35:00,22511.40,22578.00,22510.00,22573.60,76180,8509150
NIFTY-FUT,30-03-2026 12:40:00,22573.60,22587.00,22560.00,22562.50,72995,8226465
NIFTY-FUT,30-03-2026 12:45:00,22566.20,22569.80,22528.60,22532.90,58175,8234525
NIFTY-FUT,30-03-2026 12:50:00,22535.60,22537.90,22480.00,22498.00,107445,8237645
NIFTY-FUT,30-03-2026 12:55:00,22498.00,22505.10,22483.50,22502.00,59735,8262280
NIFTY-FUT,30-03-2026 13:00:00,22502.00,22509.60,22480.10,22489.00,44265,8258055
NIFTY-FUT,30-03-2026 13:05:00,22489.00,22505.00,22482.00,22495.70,53170,8245900
NIFTY-FUT,30-03-2026 13:10:00,22495.70,22508.50,22475.40,22496.30,44330,8242325
NIFTY-FUT,30-03-2026 13:15:00,22496.30,22523.40,22485.70,22490.00,52260,8224905
NIFTY-FUT,30-03-2026 13:20:00,22490.00,22500.20,22483.00,22486.40,46345,8222565
NIFTY-FUT,30-03-2026 13:25:00,22486.40,22489.50,22452.10,22475.10,71760,8224710
NIFTY-FUT,30-03-2026 13:30:00,22477.00,22494.50,22463.30,22494.40,44655,8223280
NIFTY-FUT,30-03-2026 13:35:00,22494.40,22509.10,22476.10,22502.70,48880,8226075
NIFTY-FUT,30-03-2026 13:40:00,22502.70,22508.00,22453.20,22462.90,78975,8238880
NIFTY-FUT,30-03-2026 13:45:00,22462.90,22475.00,22442.20,22446.00,64870,8223410
NIFTY-FUT,30-03-2026 13:50:00,22446.00,22458.00,22420.00,22422.10,116545,8144825
NIFTY-FUT,30-03-2026 13:55:00,22422.00,22447.60,22421.50,22428.00,69810,8139365
NIFTY-FUT,30-03-2026 14:00:00,22428.00,22497.90,22425.90,22466.50,111735,8124740
NIFTY-FUT,30-03-2026 14:05:00,22468.90,22484.10,22456.60,22460.00,80665,8109660
NIFTY-FUT,30-03-2026 14:10:00,22455.00,22461.10,22421.00,22421.00,57525,8101405
NIFTY-FUT,30-03-2026 14:15:00,22421.90,22434.20,22411.60,22420.00,88205,8032895
NIFTY-FUT,30-03-2026 14:20:00,22420.00,22441.80,22388.90,22390.00,78520,8009170
NIFTY-FUT,30-03-2026 14:25:00,22390.20,22402.60,22376.10,22381.70,125190,7976020
NIFTY-FUT,30-03-2026 14:30:00,22385.10,22418.20,22367.00,22372.00,149500,7965425
NIFTY-FUT,30-03-2026 14:35:00,22366.10,22378.50,22355.50,22366.50,134225,7911345
NIFTY-FUT,30-03-2026 14:40:00,22368.00,22397.10,22365.00,22378.90,76635,7900750
NIFTY-FUT,30-03-2026 14:45:00,22375.00,22396.30,22346.70,22365.90,120640,7886450
NIFTY-FUT,30-03-2026 14:50:00,22365.90,22385.10,22351.90,22352.80,119600,7825090
NIFTY-FUT,30-03-2026 14:55:00,22352.80,22363.10,22333.90,22349.20,87295,7797855
NIFTY-FUT,30-03-2026 15:00:00,22347.00,22350.00,22290.00,22301.50,136240,7793500
NIFTY-FUT,30-03-2026 15:05:00,22301.50,22307.90,22285.80,22298.40,160550,7745270
NIFTY-FUT,30-03-2026 15:10:00,22297.10,22327.50,22296.60,22322.00,159575,7701720
NIFTY-FUT,30-03-2026 15:15:00,22322.00,22334.00,22317.40,22325.00,132730,7672015
NIFTY-FUT,30-03-2026 15:20:00,22327.00,22335.00,22324.00,22330.00,150670,7633210
NIFTY-FUT,30-03-2026 15:25:00,22330.00,22335.00,22328.60,22318.40,177710,6638320
